{
  "run": {
    "run_id": "ea4751978e23482abe7cbb94198c3f76",
    "pipeline_name": "vjepa_only",
    "processing_time_sec": 648.6408071000001,
    "created_at": "2026-04-12T03:18:02.267315",
    "component_notes": {
      "pipeline": "vjepa_only_pipeline",
      "scoring": "hungarian_segment_match_semantic_similarity_scoring",
      "embedding": "vjepa2_1_encoder"
    }
  },
  "source_files": {
    "expert_video_path": "C:\\Users\\user\\Downloads\\FYP-PipelineTest-1\\backend\\outputs\\uploads\\expert-217884c349f34915b50a603d8895cd02.mp4",
    "learner_video_path": "C:\\Users\\user\\Downloads\\FYP-PipelineTest-1\\backend\\outputs\\uploads\\learner-1d32f962ea7b4f599cc6c1f84b42d319.mp4",
    "main_result_json": "C:\\Users\\user\\Downloads\\FYP-PipelineTest-1\\backend\\outputs\\json\\vjepa_only\\vjepa_ea4751978e23482abe7cbb94198c3f76.json"
  },
  "summary_metrics": {
    "overall_score": 0.0,
    "semantic_similarity": 0.0,
    "mean_segment_similarity_raw": 0.9873737022280693,
    "min_segment_similarity_raw": 0.9783061146736145,
    "sim_baseline": 0.9869412779808044,
    "sim_range": 0.013058722019195557,
    "mean_segment_similarity": 0.16621156242440288,
    "min_segment_similarity": 0.0,
    "bottom_k": 4,
    "bottom_k_mean": 0.04768838234690012,
    "segment_similarity_variance": 0.018879793576016966,
    "segment_similarity_std": 0.13740376114217895,
    "segment_consistency": 0.862596238857821,
    "similarity_gap": 0.16621156242440288,
    "mismatch_penalty": 0.23491344299549236,
    "weighted_similarity": 0.08324533637015094,
    "final_similarity": 0.0,
    "linear_score": 0.0,
    "calibrated_score": 0.0,
    "score_gamma": 8.0
  },
  "embedding_mode": {
    "real_encoder_used": true,
    "fallback_used": false,
    "embedding_note": "vjepa2_1_encoder",
    "model_name": "vjepa2_1_vit_base_384",
    "frames_per_clip": 30,
    "num_segments": 8,
    "device": "cpu",
    "last_error": null
  },
  "segment_similarity_summary": {
    "segment_count": 8,
    "similarity_matrix": [
      [
        0.9917042851448059,
        0.9905209541320801,
        0.9897438287734985,
        0.9855065941810608,
        0.9912654161453247,
        0.9889636039733887,
        0.9840365052223206,
        0.9836735129356384
      ],
      [
        0.9899276494979858,
        0.9895133376121521,
        0.9900495409965515,
        0.9875171184539795,
        0.9908218383789062,
        0.9886629581451416,
        0.9846330285072327,
        0.9862241148948669
      ],
      [
        0.9706435799598694,
        0.9706627726554871,
        0.9786142110824585,
        0.9783061146736145,
        0.974413275718689,
        0.9736903309822083,
        0.9737944006919861,
        0.9837185740470886
      ],
      [
        0.9916577339172363,
        0.9905130863189697,
        0.9910224080085754,
        0.9868221282958984,
        0.9903245568275452,
        0.9876320362091064,
        0.9823226928710938,
        0.9859070777893066
      ],
      [
        0.9892876148223877,
        0.988873302936554,
        0.9889960885047913,
        0.9859418272972107,
        0.9893213510513306,
        0.9870077967643738,
        0.9825301170349121,
        0.9853416085243225
      ],
      [
        0.9643958210945129,
        0.9645870923995972,
        0.9743936657905579,
        0.9745022654533386,
        0.9693333506584167,
        0.9695624709129333,
        0.9713413119316101,
        0.9816717505455017
      ],
      [
        0.9868747591972351,
        0.9860286712646484,
        0.9908417463302612,
        0.9860925078392029,
        0.9873756170272827,
        0.9859719276428223,
        0.9830008745193481,
        0.9883443117141724
      ],
      [
        0.9890732765197754,
        0.9892401695251465,
        0.9927949905395508,
        0.9899147748947144,
        0.9917022585868835,
        0.9904957413673401,
        0.9877105951309204,
        0.9899178147315979
      ]
    ],
    "chosen_segment_matches": [
      {
        "expert_segment": 0,
        "learner_segment": 4,
        "similarity": 0.9912654161453247
      },
      {
        "expert_segment": 1,
        "learner_segment": 5,
        "similarity": 0.9886629581451416
      },
      {
        "expert_segment": 2,
        "learner_segment": 3,
        "similarity": 0.9783061146736145
      },
      {
        "expert_segment": 3,
        "learner_segment": 0,
        "similarity": 0.9916577339172363
      },
      {
        "expert_segment": 4,
        "learner_segment": 1,
        "similarity": 0.988873302936554
      },
      {
        "expert_segment": 5,
        "learner_segment": 7,
        "similarity": 0.9816717505455017
      },
      {
        "expert_segment": 6,
        "learner_segment": 2,
        "similarity": 0.9908417463302612
      },
      {
        "expert_segment": 7,
        "learner_segment": 6,
        "similarity": 0.9877105951309204
      }
    ],
    "worst_matched_segment": {
      "expert_segment": 2,
      "learner_segment": 3,
      "similarity": 0.9783061146736145
    },
    "worst_segment_index": 2,
    "segment_similarities_raw": [
      0.9912654161453247,
      0.9886629581451416,
      0.9783061146736145,
      0.9916577339172363,
      0.988873302936554,
      0.9816717505455017,
      0.9908417463302612,
      0.9877105951309204
    ],
    "segment_similarities_adjusted": [
      0.3311302712596251,
      0.13184139778811352,
      0.0,
      0.36117285669294213,
      0.14794900702454253,
      0.0,
      0.2986868350305127,
      0.05891213159948697
    ]
  },
  "per_segment_metrics": [
    {
      "segment_index": 0,
      "expert_segment_start_time_sec": 0.0,
      "expert_segment_end_time_sec": 3.133250985545335,
      "learner_segment_start_time_sec": 11.4665,
      "learner_segment_end_time_sec": 14.29979215116279,
      "frames_used": {
        "expert": 30,
        "learner": 30
      },
      "cosine_similarity_raw": 0.9912654161453247,
      "cosine_similarity_adjusted": 0.3311302712596251,
      "expert_embedding_norm": 24.699201583862305,
      "learner_embedding_norm": 24.783039093017578,
      "worst_segment": false
    },
    {
      "segment_index": 1,
      "expert_segment_start_time_sec": 3.1665834428383706,
      "expert_segment_end_time_sec": 6.299834428383706,
      "learner_segment_start_time_sec": 14.333125,
      "learner_segment_end_time_sec": 17.16641715116279,
      "frames_used": {
        "expert": 30,
        "learner": 30
      },
      "cosine_similarity_raw": 0.9886629581451416,
      "cosine_similarity_adjusted": 0.13184139778811352,
      "expert_embedding_norm": 24.83318519592285,
      "learner_embedding_norm": 24.768922805786133,
      "worst_segment": false
    },
    {
      "segment_index": 2,
      "expert_segment_start_time_sec": 6.333166885676741,
      "expert_segment_end_time_sec": 9.466417871222076,
      "learner_segment_start_time_sec": 8.599875,
      "learner_segment_end_time_sec": 11.433167151162792,
      "frames_used": {
        "expert": 30,
        "learner": 30
      },
      "cosine_similarity_raw": 0.9783061146736145,
      "cosine_similarity_adjusted": 0.0,
      "expert_embedding_norm": 24.4359130859375,
      "learner_embedding_norm": 24.673372268676758,
      "worst_segment": true
    },
    {
      "segment_index": 3,
      "expert_segment_start_time_sec": 9.499750328515113,
      "expert_segment_end_time_sec": 12.633001314060447,
      "learner_segment_start_time_sec": 0.0,
      "learner_segment_end_time_sec": 2.833292151162791,
      "frames_used": {
        "expert": 30,
        "learner": 30
      },
      "cosine_similarity_raw": 0.9916577339172363,
      "cosine_similarity_adjusted": 0.36117285669294213,
      "expert_embedding_norm": 24.651866912841797,
      "learner_embedding_norm": 24.74210548400879,
      "worst_segment": false
    },
    {
      "segment_index": 4,
      "expert_segment_start_time_sec": 12.666333771353482,
      "expert_segment_end_time_sec": 15.799584756898817,